epoch,cls_loss,domain_loss,domain_acc,mean_val_f1
0,15759.227773670904,296894.380853935,0.6056802141615468,0.022622931761611537
1,1439.373940557496,6486.03275657719,0.5102386205879033,0.05449856893330277
2,559.0204424409785,1489.6916299803645,0.5203881919638723,0.09307853023501765
3,70.22292888877739,62.41981050703261,0.6327457458545,0.10348592913685167
4,414.26362434207886,795.6614415421445,0.534544178053864,0.05024766003363549
5,2598957.578517649,2319205.334431844,0.49127494359118307,0.036172892233483245
6,1232451.9147345948,1271832.2832286663,0.49795228905147976,0.050716507041089376
7,4201368.945356451,3800656.074169713,0.46981838619352406,0.03622549268030882
8,7339292.424597006,4254932.987443255,0.4925213761818715,0.06434453370191265
